Workbook

Sheet STS.INVOICE
A1: PROFORMA INVOICE FOR SHINTS
A3: No | B3: HS_No | C3: Matl Name | D3: Unit Price | E3: Q'ty | F3: Unit | G3: Amount | H3: Country | I3: Weight | K3: Width | L3: Composition
A4: 1 | B4: 6005.35.0000 | C4: DH-184 BRUSHED TRICOT | D4: 0.91 | E4: 970 | F4: YD | G4: 882.7 | H4: Korea | I4: 8.37 | J4: kg | K4: 58/60" | L4: POLYESTER 100%
A5: 2 | B5: 6005.37.0000 | C5: DH-190-22 (2:2 AIR MESH) | D5: 1.08 | E5: 125 | F5: YD | G5: 135 | H5: Korea | I5: 1.08 | J5: kg | L5: POLYESTER 100%
A6: 3 | B6: 5603.93-0000 | C6: WARM LITE WA-70 | D6: 3.35 | E6: 4280 | F6: KG | G6: 14338 | H6: Korea | I6: 36.91 | J6: kg | L6: POLYESTER 100%
A7: 4 | B7: 4821.10-0000 | C7: (MPHG025)(HTG LAYER CL-LP) LASPORTIVA LAYER HANGTAG CLIMBING LAYERS | D7: 0.04 | E7: 4461 | F7: PC | G7: 178.44 | H7: Korea | I7: 38.47 | J7: kg
A8: 5 | B8: 4821.10-0000 | C8: (MPHG030)(HTG LINE CL) LASPORTIVA LINE HANGTAG CLIMBING | D8: 0.07 | E8: 4461 | F8: PC | G8: 312.27 | H8: Korea | I8: 38.47 | J8: kg
A9: 6 | B9: 4821.10-0000 | C9: (MPHG138) Disclaimer leaflet | D9: 0.09 | E9: 4461 | F9: PC | G9: 401.49 | H9: Korea | I9: 38.47 | J9: kg
A10: 7 | B10: 3923.50-0000 | C10: 1 HOLE STOPPER | D10: 0.04 | E10: 16916 | F10: PC | G10: 676.64 | H10: Korea | I10: 145.87 | J10: kg
A11: 8 | B11: 3923.50-0000 | C11: 2 HOLE STOPPER | D11: 0.06 | E11: 19458 | F11: PC | G11: 1167.48 | H11: Korea | I11: 167.79 | J11: kg
A12: 9 | B12: 3923.50-0000 | C12: BEAD STOPPER | D12: 0.0163 | E12: 57792 | F12: PC | G12: 942.01 | H12: Korea | I12: 498.35 | J12: kg
A13: 10 | B13: 5806.32-0000 | C13: CQR NECK TAPE | D13: 0.03 | E13: 24000 | F13: YD | G13: 720 | H13: Korea | I13: 206.96 | J13: kg
A14: 11 | B14: 6117.80-9000 | C14: ELASTIC BIAS TAPE | D14: 0.01 | E14: 30940 | F14: YD | G14: 309.4 | H14: Korea | I14: 266.8 | J14: kg
A15: 12 | B15: 5607.50-0000 | C15: ELASTIC NYLON STRING | D15: 0.0616 | E15: 30237 | F15: YD | G15: 1862.6 | H15: Korea | I15: 260.73 | J15: kg
A16: 13 | B16: 5607.50-0000 | C16: ELASTIC NYLON STRING 2MM | D16: 0.0828 | E16: 5198 | F16: M | G16: 430.39 | H16: Korea | I16: 44.83 | J16: kg
A17: 14 | B17: 8308.10-2000 | C17: EYELET(N) | D17: 0.02 | E17: 74268 | F17: SET | G17: 1485.36 | H17: Korea | I17: 640.43 | J17: kg
A18: 15 | B18: 5601.22-0000 | C18: FIBERBALL WB300 | D18: 4.96 | E18: 720 | F18: KG | G18: 3571.2 | H18: Korea | I18: 6.21 | J18: kg
... A31: 28 | B31: 6117.80-9000 | C31: WOOL ELASTIC BIAS TAPE | D31: 0.17 | E31: 15359 | F31: M | G31: 2611.03 | H31: Korea | I31: 132.39 | J31: kg
B32: GRAND TOTAL : | E32: ==SUM(E4:E31) | G32: ==SUM(G4:G31) | I32: ==SUM(I4:I31) | J32: kg

Sheet P
A1: DETAIL PACKING LIST FOR
A3: Supplier | B3: DESCRIPTION | C3: COLOR | D3: SPEC | E3: UNIT | F3: IN-Q'TY | G3: C/T Q'ty | H3: C/T No. | I3: Remark
A4: (TL)태광엘앤티 | B4: MUSINSA GUARANTEE TAG | C4: BLACK | D4: MSTG-02-B 품질보증택 (NEW from 26SS) | E4: PC | F4: 4235 | G4: 20 | H4: box-20260303 | I4: EO26-0014/EO26-0015/EO26-0016/EO26-0017/EO26-0018/EO26-0019/EO26-0021/EO26-0022/EO26-0020/EO26-0053 MIXED BOX
A5: (TL)태광엘앤티 | B5: MUSINSA HANG TAG | C5: BLACK | D5: MSTG-02-A | E5: PC | F5: 4235
A6: (TL)태광엘앤티 | B6: SIZE STICKER ROUND | C6: BLACK/WHITE | D6: 25MM / SIZE 2XL | E6: PC | F6: 635
A7: (TL)태광엘앤티 | B7: SIZE STICKER ROUND | C7: BLACK/WHITE | D7: 25MM / SIZE S | E7: PC | F7: 647
A8: (TL)태광엘앤티 | B8: SIZE STICKER ROUND | C8: BLACK/WHITE | D8: 25MM / SIZE XL | E8: PC | F8: 921
A9: (TL)태광엘앤티 | B9: SIZE STICKER ROUND | C9: BLACK/WHITE | D9: 25MM / SIZE M | E9: PC | F9: 995
A10: (TL)태광엘앤티 | B10: SIZE STICKER ROUND | C10: BLACK/WHITE | D10: 25MM / SIZE L | E10: PC | F10: 1038
A11: (TL)태광엘앤티 | B11: TAG PIN | C11: BLACK | D11: 택고리무지락검정 | E11: PC | F11: 4203
A12: (TL)태광엘앤티 | B12: MUSINSA GUARANTEE TAG | C12: BLACK | D12: MSTG-02-B 품질보증택 (NEW from 26SS) | E12: PC | F12: 7397
A13: (TL)태광엘앤티 | B13: MUSINSA HANG TAG | C13: BLACK | D13: MSTG-02-A | E13: PC | F13: 7397
A14: (TL)태광엘앤티 | B14: MUSINSA MAIN LABEL | C14: BLACK | D14: XS, MSS-LB-02 (NEW from 26SS) 끼워박는 라벨 | E14: PC | F14: 214
A15: (TL)태광엘앤티 | B15: MUSINSA MAIN LABEL | C15: BLACK | D15: 2XL, MSS-LB-02 (NEW from 26SS) 끼워박는 라벨 | E15: PC | F15: 1067
A16: (TL)태광엘앤티 | B16: MUSINSA MAIN LABEL | C16: BLACK | D16: S, MSS-LB-02 (NEW from 26SS) 끼워박는 라벨 | E16: PC | F16: 1100
... A107: (TL)태광엘앤티 | B107: TAG PIN | C107: BLACK | D107: 택고리무지락검정 | E107: PC | F107: 2103
A108: IMPORT-K(CMS GLOBAL) | B108: ELASTIC NYLON STRING | C108: HEATHER DARK GREY(=CHARCOAL) | D108: 3MM | E108: YD | F108: 2352 | G108: 14 | H108: box-20260310 | I108: EO26-0003/EO26-0004 MIXED BOX
A109: IMPORT-K(CMS GLOBAL) | B109: ELASTIC NYLON STRING | C109: SOIL GREEN(=ARMY GREEN) | D109: 3MM | E109: YD | F109: 2372
A110: IMPORT-K(CMS GLOBAL) | B110: ELASTIC NYLON STRING | C110: OPERATOR NAVY | D110: 3MM | E110: YD | F110: 2576
A111: IMPORT-K(CMS GLOBAL) | B111: ELASTIC NYLON STRING | C111: COYOTE | D111: 3MM | E111: YD | F111: 2903
A112: IMPORT-K(CMS GLOBAL) | B112: ELASTIC NYLON STRING | C112: BLK | D112: 3MM | E112: YD | F112: 9825
A113: IMPORT-K(CMS GLOBAL) | B113: EYELET(N) | C113: MATTE BLACK NICKEL | D113: #3 (INNER HOLE 6MM)(+1WASHER) | E113: SET | F113: 55476
A114: IMPORT-K(CMS GLOBAL) | B114: O-RING BEAD STOPPER | C114: SOIL GREEN(=ARMY GREEN) | D114: CMS-298 | E114: PC | F114: 4830
A115: IMPORT-K(CMS GLOBAL) | B115: O-RING BEAD STOPPER | C115: OPERATOR NAVY | D115: CMS-298 | E115: PC | F115: 4851
A116: IMPORT-K(CMS GLOBAL) | B116: O-RING BEAD STOPPER | C116: COYOTE | D116: CMS-298 | E116: PC | F116: 5302
A117: IMPORT-K(CMS GLOBAL) | B117: O-RING BEAD STOPPER | C117: HEATHER DARK GREY(=CHARCOAL) | D117: CMS-298 | E117: PC | F117: 5650
A118: IMPORT-K(CMS GLOBAL) | B118: O-RING BEAD STOPPER | C118: BLACK | D118: CMS-298 | E118: PC | F118: 14611
A119: IMPORT-K(CMS GLOBAL) | B119: STOPPER WITH TAPE HOLE | C119: OPERATOR NAVY | D119: CMS-375 | E119: PC | F119: 4741
A120: IMPORT-K(CMS GLOBAL) | B120: STOPPER WITH TAPE HOLE | C120: SOIL GREEN(=ARMY GREEN) | D120: CMS-375 | E120: PC | F120: 4830
... A136: IMPORT-K(CMS GLOBAL) | B136: STOPPER WITH TAPE HOLE | C136: HUNTING CAMO | D136: CMS-375 | E136: PC | F136: 4127
A137: IMPORT-K(CMS GLOBAL) | B137: BEAD STOPPER | C137: DGR | D137: MSS-BE-01(=CMS-360 눈물비드) | E137: PC | F137: 3185 | G137: 25 | H137: box-20260310 | I137: EO26-0022/EO26-0021/EO26-0020/EO26-0019/EO26-0018/EO26-0017/EO26-0016/EO26-0015/EO26-0014/EO26-0053 MIXED BOX
A138: IMPORT-K(CMS GLOBAL) | B138: BEAD STOPPER | C138: DUE | D138: MSS-BE-01(=CMS-360 눈물비드) | E138: PC | F138: 4453
A139: IMPORT-K(CMS GLOBAL) | B139: BEAD STOPPER | C139: LGR | D139: MSS-BE-01(=CMS-360 눈물비드) | E139: PC | F139: 5086
A140: IMPORT-K(CMS GLOBAL) | B140: STOPPER WITH TAB | C140: DGR | D140: MSS-ST-01 (맥주컵 스토퍼) | E140: PC | F140: 3185
A141: IMPORT-K(CMS GLOBAL) | B141: STOPPER WITH TAB | C141: DUE | D141: MSS-ST-01 (맥주컵 스토퍼) | E141: PC | F141: 4453
A142: IMPORT-K(CMS GLOBAL) | B142: STOPPER WITH TAB | C142: LGR | D142: MSS-ST-01 (맥주컵 스토퍼) | E142: PC | F142: 5086
A143: IMPORT-K(CMS GLOBAL) | B143: WOOL ELASTIC BIAS TAPE | C143: DGR | D143: 20MM 울접밴드 | E143: M | F143: 1668
A144: IMPORT-K(CMS GLOBAL) | B144: WOOL ELASTIC BIAS TAPE | C144: LGR | D144: 20MM 울접밴드 | E144: M | F144: 3916
A145: IMPORT-K(CMS GLOBAL) | B145: 1 HOLE STOPPER | C145: BLACK | D145: MSS-ST-07 | E145: PC | F145: 14793
A146: IMPORT-K(CMS GLOBAL) | B146: 2 HOLE STOPPER | C146: BLACK | D146: MSS-ST-02 | E146: PC | F146: 14793
A147: IMPORT-K(CMS GLOBAL) | B147: BEAD STOPPER | C147: BLACK | D147: MSS-BE-03(=CMS-059 콩알링) | E147: PC | F147: 29586
A148: IMPORT-K(CMS GLOBAL) | B148: PLASTIC EYELET(N) | C148: BLACK | D148: #2 (외경8.5MM/내경 4.5MM)(+clear washer 1pc) | E148: SET | F148: 59172
A149: IMPORT-K(CMS GLOBAL) | B149: WOOL ELASTIC BIAS TAPE | C149: LGR | D149: 20MM 울접밴드 | E149: M | F149: 2396
... A181: IMPORT-K(CMS GLOBAL) | B181: STOPPER WITH TAB | C181: BLACK | D181: MSS-ST-01 (맥주컵 스토퍼) | E181: PC | F181: 4242
A182: IMPORT-K(DAEHAN FABRIC) | B182: DH-184 BRUSHED TRICOT | C182: LGR(7M5791) | D182: 58/60" | E182: YD | F182: 15 | G182: 9 | I182: EO26-0017/EO26-0016/EO26-0015/EO26-0019 MIXED BOX
A183: IMPORT-K(DAEHAN FABRIC) | B183: DH-184 BRUSHED TRICOT | C183: LGR(7M5791) | D183: 58/60" | E183: YD | F183: 460
A184: IMPORT-K(DAEHAN FABRIC) | B184: DH-190-22 (2:2 AIR MESH) | C184: LGR(7M2210) | D184: 58/60" | E184: YD | F184: 18
A185: IMPORT-K(DAEHAN FABRIC) | B185: DH-190-22 (2:2 AIR MESH) | C185: LGR(7M2210) | D185: 58/60" | E185: YD | F185: 60
A186: IMPORT-K(DAEHAN FABRIC) | B186: DH-184 BRUSHED TRICOT | C186: LGR(7M5791) | D186: 58/60" | E186: YD | F186: 65
A187: IMPORT-K(DAEHAN FABRIC) | B187: DH-184 BRUSHED TRICOT | C187: LGR(7M5791) | D187: 58/60" | E187: YD | F187: 305
A188: IMPORT-K(DAEHAN FABRIC) | B188: DH-190-22 (2:2 AIR MESH) | C188: LGR(7M2210) | D188: 58/60" | E188: YD | F188: 47
A189: IMPORT-K(DAEHAN FABRIC) | B189: DH-184 BRUSHED TRICOT | C189: LPU(7M5768) | D189: 58/60" | E189: YD | F189: 9
A190: IMPORT-K(DAEHAN FABRIC) | B190: DH-184 BRUSHED TRICOT | C190: LPU(7M5768) | D190: 58/60" | E190: YD | F190: 116
A191: IMPORT-K(DAERIM LND) | B191: CQR NECK TAPE | C191: BLACK | D191: 10MM | E191: YD | F191: 5465 | G191: 5 | H191: box-20260228 | I191: EO26-0024/EO26-0025/EO26-0026/EO26-0027 MIXED BOX
A192: IMPORT-K(DAERIM LND) | B192: CQR NECK TAPE | C192: BLACK | D192: 10MM | E192: YD | F192: 7566
A193: IMPORT-K(DAERIM LND) | B193: CQR NECK TAPE | C193: BLACK | D193: 10MM | E193: YD | F193: 2138
A194: IMPORT-K(DAERIM LND) | B194: CQR NECK TAPE | C194: BLACK | D194: 10MM | E194: YD | F194: 337
A195: IMPORT-K(DAERIM LND) | B195: CQR NECK TAPE | C195: BLACK | D195: 10MM | E195: YD | F195: 8494
A196: IMPORT-K(DAERIM LND) | B196: ELASTIC BIAS TAPE | C196: 19-2816TPG BLACKBERRY WINE (YKK#254) | D196: 10MM | E196: YD | F196: 22 | G196: 16 | H196: box-20260303 | I196: EO25-0278/EO26-0041 MIXED BOX
A197: IMPORT-K(DAERIM LND) | B197: ELASTIC BIAS TAPE | C197: BLK | D197: 10 MM | E197: YD | F197: 33
A198: IMPORT-K(DAERIM LND) | B198: ELASTIC BIAS TAPE | C198: BLK | D198: 20MM | E198: YD | F198: 47
A199: IMPORT-K(DAERIM LND) | B199: ELASTIC BIAS TAPE | C199: BLK | D199: 10 MM | E199: YD | F199: 55
A200: IMPORT-K(DAERIM LND) | B200: ELASTIC BIAS TAPE | C200: 16-4411TPG TOURMALINE (YKK#575) | D200: 10MM | E200: YD | F200: 55
A201: IMPORT-K(DAERIM LND) | B201: ELASTIC BIAS TAPE | C201: 19-2816TPG BLACKBERRY WINE (YKK#254) | D201: 10MM | E201: YD | F201: 63
A202: IMPORT-K(DAERIM LND) | B202: ELASTIC BIAS TAPE | C202: 16-1451TPG NASTURTIUM (YKK#138) | D202: 10MM | E202: YD | F202: 66
A203: IMPORT-K(DAERIM LND) | B203: ELASTIC BIAS TAPE | C203: 19-4112TPG STRATIFIED SEA (YKK#075) | D203: 10MM | E203: YD | F203: 77
A204: IMPORT-K(DAERIM LND) | B204: ELASTIC BIAS TAPE | C204: 11-4301TPG LILY WHITE (YKK#841) | D204: 10MM | E204: YD | F204: 77
A205: IMPORT-K(DAERIM LND) | B205: ELASTIC BIAS TAPE | C205: 19-0413TPG DEEP DEPTHS (YKK#237) | D205: 10MM | E205: YD | F205: 80
A206: IMPORT-K(DAERIM LND) | B206: ELASTIC BIAS TAPE | C206: BLK | D206: 20MM | E206: YD | F206: 109
A207: IMPORT-K(DAERIM LND) | B207: ELASTIC BIAS TAPE | C207: 14-3710TPG ORCHID PETAL (YKK#068) | D207: 10MM | E207: YD | F207: 110
A208: IMPORT-K(DAERIM LND) | B208: ELASTIC BIAS TAPE | C208: 14-3710TPG ORCHID PETAL (YKK#068) | D208: 10MM | E208: YD | F208: 110
... A244: IMPORT-K(DAERIM LND) | B244: ELASTIC BIAS TAPE | C244: 16-4411TPG TOURMALINE (YKK#575) | D244: 10MM | E244: YD | F244: 700
A245: IMPORT-K(K.VILENE)(바이린) | B245: WARM LITE WA-70 | C245: WHITE | E245: KG | F245: 2 | G245: 518 | H245: box-20260305 | I245: EO26-0015/EO26-0016/EO26-0017/EO26-0018/EO26-0019 MIXED BOX
A246: IMPORT-K(K.VILENE)(바이린) | B246: WARM LITE WA-70 | C246: WHITE | E246: KG | F246: 724
A247: IMPORT-K(K.VILENE)(바이린) | B247: WARM LITE WA-70 | C247: WHITE | E247: KG | F247: 2679
A248: IMPORT-K(K.VILENE)(바이린) | B248: WARM LITE WA-70 | C248: WHITE | E248: KG | F248: 875
A249: IMPORT-K(K.VILENE)(바이린) | B249: FIBERBALL WB300 | E249: KG | F249: 1
A250: IMPORT-K(K.VILENE)(바이린) | B250: FIBERBALL WB300 | E250: KG | F250: 172
A251: IMPORT-K(K.VILENE)(바이린) | B251: FIBERBALL WB300 | E251: KG | F251: 547
A252: IMPORT-K(NEXON PRINTING) | B252: (MPHG025)(HTG LAYER CL-LP) LASPORTIVA LAYER HANGTAG CLIMBING LAYERS | C252: - | D252: 4x8CM,CLIMBING LONG PANTS | E252: PC | F252: 1038 | G252: 2 | H252: box-20260304
A253: IMPORT-K(NEXON PRINTING) | B253: (MPHG025)(HTG LAYER CL-LP) LASPORTIVA LAYER HANGTAG CLIMBING LAYERS | C253: - | D253: 4x8CM,CLIMBING LONG PANTS | E253: PC | F253: 1557
A254: IMPORT-K(NEXON PRINTING) | B254: (MPHG025)(HTG LAYER CL-LP) LASPORTIVA LAYER HANGTAG CLIMBING LAYERS | C254: - | D254: 4x8CM,CLIMBING LONG PANTS | E254: PC | F254: 1866
A255: IMPORT-K(NEXON PRINTING) | B255: (MPHG030)(HTG LINE CL) LASPORTIVA LINE HANGTAG CLIMBING | C255: - | D255: 4x8CM,LINE HANGTAG CLIMBING + CLIMBING TRAINING + CLIMBING PRO | E255: PC | F255: 1038
A256: IMPORT-K(NEXON PRINTING) | B256: (MPHG030)(HTG LINE CL) LASPORTIVA LINE HANGTAG CLIMBING | C256: - | D256: 4x8CM,LINE HANGTAG CLIMBING + CLIMBING TRAINING + CLIMBING PRO | E256: PC | F256: 1557
A257: IMPORT-K(NEXON PRINTING) | B257: (MPHG030)(HTG LINE CL) LASPORTIVA LINE HANGTAG CLIMBING | C257: - | D257: 4x8CM,LINE HANGTAG CLIMBING + CLIMBING TRAINING + CLIMBING PRO | E257: PC | F257: 1866
A258: IMPORT-K(NEXON PRINTING) | B258: (MPHG138) Disclaimer leaflet | C258: - | D258: ? | E258: PC | F258: 1038
A259: IMPORT-K(NEXON PRINTING) | B259: (MPHG138) Disclaimer leaflet | C259: - | D259: ? | E259: PC | F259: 1557
A260: IMPORT-K(NEXON PRINTING) | B260: (MPHG138) Disclaimer leaflet | C260: - | D260: ? | E260: PC | F260: 1866
A261: TOTAL | B261: BALES | F261: ==SUM(F4:F260) | G261: ==SUM(G4:G260)

Sheet C.INV
A1: COMMERCIAL INVOICE
A2: 1) Shipper/ Exporter : | G2: 8) No & Date of Invoice
A3: Shin Textile Solutions Co., Ltd.
A4: 801,E&C Venture Dreamtower 2, 55, Digital-ro 33-gil, | G4: STE-S26-005 | K4: 46093.625
A5: Guro-gu, Seoul, Korea | G5: 9) No & Date L/C
A6: TEL :070-4659-3337 FAX :02-6330-2019
A7: 2) Consignee :
A8: SHINTS ETP GARMENT PLC TIN:0040614058 | G8: 10) L/C issuing bank
A9: BOLE LEMI INDUSTRY PARK, BOLE LEMI,
A10: BOLE SUB-CITY, WOREDA 11, ADDIS ABABA, ETHIOPIA
A11: TEL :+251 118 29 83 07 FAX :+251 92 058 0957 | G11: 11) Remarks:
A12: XNK-Thy Ha <thyha@shintsbvt.com>
A13: 3) Notify party :
A14: THE SAME AS ABOVE
A16: 4) Port of loading: | D16: 5) Final Destination:
A18: INCHEON, KOREA | D18: ADDIS ABABA, ETHIOPIA
A19: 6) Carrier | D19: 7) Sailing on/ or About
A22: 12) Marks and Number of PKGS | D22: 13) Description of Goods | G22: 14) Quantity/Uint | I22: 15) Unit/price | J22: 16) Amount
G24: (CIF ADDIS ABABA, ETHIOIA)
A25: SHINTS BVT
A26: (IN DIA)
D27: MATERIALS FOR GARMENT
A28: STYLE NO.:
A29: ITEM :
A30: Q'TY :
A31: C/T NO. : | D31: TOTAL | J31: ==VLOOKUP("GRAND TOTAL :",BVT.INV!B:I,6,0)
A40: TEL NO. : 070-4006-3700~14, (DIR. 070-4006-3727)
A41: FAX NO. : (02)6330-2019 | H41: 17).Signed by :

Sheet BVT.INV
A1: PROFORMA INVOICE FOR BVT
A3: No | B3: HS_No | C3: Matl Name | D3: Unit Price | E3: Q'ty | F3: Unit | G3: Amount | H3: Country | I3: Weight | K3: HS Name | L3: Width | M3: Composition
A4: 1 | B4: 6005.35.0000 | C4: DH-184 BRUSHED TRICOT | D4: 0.91 | E4: 970 | F4: YD | G4: 882.7 | H4: Korea | I4: 8.37 | J4: kg | K4: TS-0258(MICRO BRUSHED) | L4: 58/60" | M4: POLYESTER 100%
A5: 2 | B5: 6005.37.0000 | C5: DH-190-22 (2:2 AIR MESH) | D5: 1.08 | E5: 125 | F5: YD | G5: 135 | H5: Korea | I5: 1.08 | J5: kg | K5: AIR MESH | M5: POLYESTER 100%
A6: 3 | B6: 5603.93-0000 | C6: WARM LITE WA-70 | D6: 3.35 | E6: 4280 | F6: KG | G6: 14338 | H6: Korea | I6: 36.91 | J6: kg | K6: EXKIN PADDING(100G) | M6: POLYESTER 100%
A7: 4 | B7: 4821.10-0000 | C7: (MPHG025)(HTG LAYER CL-LP) LASPORTIVA LAYER HANGTAG CLIMBING LAYERS | D7: 0.04 | E7: 4461 | F7: PC | G7: 178.44 | H7: Korea | I7: 38.47 | J7: kg | K7: HANG TAG
A8: 5 | B8: 4821.10-0000 | C8: (MPHG030)(HTG LINE CL) LASPORTIVA LINE HANGTAG CLIMBING | D8: 0.07 | E8: 4461 | F8: PC | G8: 312.27 | H8: Korea | I8: 38.47 | J8: kg | K8: HANG TAG
A9: 6 | B9: 4821.10-0000 | C9: (MPHG138) Disclaimer leaflet | D9: 0.09 | E9: 4461 | F9: PC | G9: 401.49 | H9: Korea | I9: 38.47 | J9: kg | K9: HANG TAG
A10: 7 | B10: 3923.50-0000 | C10: 1 HOLE STOPPER | D10: 0.04 | E10: 16916 | F10: PC | G10: 676.64 | H10: Korea | I10: 145.87 | J10: kg | K10: PLASTIC STOPPER
A11: 8 | B11: 3923.50-0000 | C11: 2 HOLE STOPPER | D11: 0.06 | E11: 19458 | F11: PC | G11: 1167.48 | H11: Korea | I11: 167.79 | J11: kg | K11: PLASTIC STOPPER
A12: 9 | B12: 3923.50-0000 | C12: BEAD STOPPER | D12: 0.0163 | E12: 57792 | F12: PC | G12: 942.01 | H12: Korea | I12: 498.35 | J12: kg | K12: PLASTIC STOPPER
A13: 10 | B13: 5806.32-0000 | C13: CQR NECK TAPE | D13: 0.03 | E13: 24000 | F13: YD | G13: 720 | H13: Korea | I13: 206.96 | J13: kg | K13: WOVEN TAPE
A14: 11 | B14: 6117.80-9000 | C14: ELASTIC BIAS TAPE | D14: 0.01 | E14: 30940 | F14: YD | G14: 309.4 | H14: Korea | I14: 266.8 | J14: kg | K14: ELASTIC BIAS TAPE
A15: 12 | B15: 5607.50-0000 | C15: ELASTIC NYLON STRING | D15: 0.0616 | E15: 30237 | F15: YD | G15: 1862.6 | H15: Korea | I15: 260.73 | J15: kg | K15: STRING
A16: 13 | B16: 5607.50-0000 | C16: ELASTIC NYLON STRING 2MM | D16: 0.0828 | E16: 5198 | F16: M | G16: 430.39 | H16: Korea | I16: 44.83 | J16: kg | K16: STRING
A17: 14 | B17: 8308.10-2000 | C17: EYELET(N) | D17: 0.02 | E17: 74268 | F17: SET | G17: 1485.36 | H17: Korea | I17: 640.43 | J17: kg | K17: METAL EYELET
A18: 15 | B18: 5601.22-0000 | C18: FIBERBALL WB300 | D18: 4.96 | E18: 720 | F18: KG | G18: 3571.2 | H18: Korea | I18: 6.21 | J18: kg | K18: BALL PADDING
... A31: 28 | B31: 6117.80-9000 | C31: WOOL ELASTIC BIAS TAPE | D31: 0.17 | E31: 15359 | F31: M | G31: 2611.03 | H31: Korea | I31: 132.39 | J31: kg | K31: ELASTIC BIAS TAPE
B32: GRAND TOTAL : | E32: ==SUM(E4:E31) | G32: ==SUM(G4:G31) | I32: ==SUM(I4:I31) | J32: kg

Sheet D.INV
A1: PROFORMA INVOICE FOR EO25-0248MY | I1: STE-S26-005
A3: No. | B3: ORDER No. | C3: STYLE | D3: QUANTITY | E3: UNIT | F3: DELIVERY
A4: 1 | B4: MY25ED0243 | C4: CQ-TOK002 POLO SHIRT (안은지) | D4: 31635 | F4: 46093.625
A5: 2 | B5: MY25ED0252 | C5: CQ-TOK002 POLO SHIRT (안은지) | D5: 20374 | F5: 46093.625
A7: No. | B7: HS No | C7: Hs Name | D7: Unit Price | E7: Q'ty | F7: Unit | G7: Amount | H7: Country | I7: Weight
B9: GRAND TOTAL : | E9: ==SUM(E8:E8) | G9: ==SUM(G8:G8)
A11: PROFORMA INVOICE FOR EO25-0249MY | B11: PROFORMA INVOICE FOR EO25-0248MY | C11: PROFORMA INVOICE FOR EO25-0248MY | D11: PROFORMA INVOICE FOR EO25-0248MY | E11: PROFORMA INVOICE FOR EO25-0248MY | F11: PROFORMA INVOICE FOR EO25-0248MY | G11: PROFORMA INVOICE FOR EO25-0248MY
A13: No. | B13: ORDER No. | C13: STYLE | D13: QUANTITY | E13: UNIT | F13: DELIVERY
A14: 1 | B14: MY25ED0249 | C14: CQ-TOS101 INTERLOCK MESH CREWNECK SHIRT (안은지) | D14: 14662 | F14: 46093.625
A15: 2 | B15: MY25ED0250 | C15: CQ-TOS101 INTERLOCK MESH CREWNECK SHIRT (안은지) | D15: 16747 | F15: 46093.625
A16: 3 | B16: MY25ED0251 | C16: CQ-TOS101 INTERLOCK MESH CREWNECK SHIRT (안은지) | D16: 6309 | F16: 46093.625
A18: No. | B18: HS No | C18: Hs Name | D18: Unit Price | E18: Q'ty | F18: Unit | G18: Amount | H18: Country | I18: Weight
B20: GRAND TOTAL : | E20: ==SUM(E19:E19) | G20: ==SUM(G19:G19)
A22: PROFORMA INVOICE FOR EO25-0250MY | B22: PROFORMA INVOICE FOR EO25-0248MY | C22: PROFORMA INVOICE FOR EO25-0248MY | D22: PROFORMA INVOICE FOR EO25-0248MY | E22: PROFORMA INVOICE FOR EO25-0248MY | F22: PROFORMA INVOICE FOR EO25-0248MY | G22: PROFORMA INVOICE FOR EO25-0248MY
A24: No. | B24: ORDER No. | C24: STYLE | D24: QUANTITY | E24: UNIT | F24: DELIVERY
A25: 1 | B25: MY25ED0246 | C25: CQ-TOS120 INTERLOCK MESH(안은지) | D25: 3499 | F25: 46093.625
A26: 2 | B26: MY25ED0248 | C26: CQ-TOS121 INTERLOCK MESH(안은지) | D26: 2142 | F26: 46093.625
A28: No. | B28: HS No | C28: Hs Name | D28: Unit Price | E28: Q'ty | F28: Unit | G28: Amount | H28: Country | I28: Weight
B30: GRAND TOTAL : | E30: ==SUM(E29:E29) | G30: ==SUM(G29:G29)
A32: PROFORMA INVOICE FOR EO25-0251MY | B32: PROFORMA INVOICE FOR EO25-0248MY | C32: PROFORMA INVOICE FOR EO25-0248MY | D32: PROFORMA INVOICE FOR EO25-0248MY | E32: PROFORMA INVOICE FOR EO25-0248MY | F32: PROFORMA INVOICE FOR EO25-0248MY | G32: PROFORMA INVOICE FOR EO25-0248MY
A34: No. | B34: ORDER No. | C34: STYLE | D34: QUANTITY | E34: UNIT | F34: DELIVERY
A35: 1 | B35: MY25ED0244 | C35: CQ-TOS130 INTERLOCK MESH(안은지) | D35: 6223 | F35: 46093.625
A37: No. | B37: HS No | C37: Hs Name | D37: Unit Price | E37: Q'ty | F37: Unit | G37: Amount | H37: Country | I37: Weight
B39: GRAND TOTAL : | E39: ==SUM(E38:E38) | G39: ==SUM(G38:G38)
A41: PROFORMA INVOICE FOR EO25-0252MY | B41: PROFORMA INVOICE FOR EO25-0248MY | C41: PROFORMA INVOICE FOR EO25-0248MY | D41: PROFORMA INVOICE FOR EO25-0248MY | E41: PROFORMA INVOICE FOR EO25-0248MY | F41: PROFORMA INVOICE FOR EO25-0248MY | G41: PROFORMA INVOICE FOR EO25-0248MY
A43: No. | B43: ORDER No. | C43: STYLE | D43: QUANTITY | E43: UNIT | F43: DELIVERY
A44: 1 | B44: MY25ED0245 | C44: CQ-TOK004 POLO SHIRT (안은지) | D44: 7708 | F44: 46093.625
A46: No. | B46: HS No | C46: Hs Name | D46: Unit Price | E46: Q'ty | F46: Unit | G46: Amount | H46: Country | I46: Weight
B48: GRAND TOTAL : | E48: ==SUM(E47:E47) | G48: ==SUM(G47:G47)
A50: PROFORMA INVOICE FOR EO25-0267MY | B50: PROFORMA INVOICE FOR EO25-0248MY | C50: PROFORMA INVOICE FOR EO25-0248MY | D50: PROFORMA INVOICE FOR EO25-0248MY | E50: PROFORMA INVOICE FOR EO25-0248MY | F50: PROFORMA INVOICE FOR EO25-0248MY | G50: PROFORMA INVOICE FOR EO25-0248MY
A52: No. | B52: ORDER No. | C52: STYLE | D52: QUANTITY | E52: UNIT | F52: DELIVERY
A53: 1 | B53: MY25ED0260 | C53: CQ-TOK100 INTERLOCK MESH(안은지) | D53: 6286 | F53: 46093.625
A55: No. | B55: HS No | C55: Hs Name | D55: Unit Price | E55: Q'ty | F55: Unit | G55: Amount | H55: Country | I55: Weight
B57: GRAND TOTAL : | E57: ==SUM(E56:E56) | G57: ==SUM(G56:G56)
A59: PROFORMA INVOICE FOR EO25-0278TR | B59: PROFORMA INVOICE FOR EO25-0248MY | C59: PROFORMA INVOICE FOR EO25-0248MY | D59: PROFORMA INVOICE FOR EO25-0248MY | E59: PROFORMA INVOICE FOR EO25-0248MY | F59: PROFORMA INVOICE FOR EO25-0248MY | G59: PROFORMA INVOICE FOR EO25-0248MY
A61: No. | B61: ORDER No. | C61: STYLE | D61: QUANTITY | E61: UNIT | F61: DELIVERY
A62: 1 | B62: TR25ED0141 | C62: CHAQUETA CAUBERG (WI26 BULK) | D62: 1433 | F62: 46093.625
A63: 2 | B63: TR25ED0139 | C63: CHAQUETA LIENA V02 (WI26 BULK) | D63: 1368 | F63: 46093.625
A64: 3 | B64: TR25ED0137 | C64: CHAQUETA RIPON V02 (WI26 BULK) | D64: 1956 | F64: 46093.625
A65: 4 | B65: TR25ED0142 | C65: CHAQUETA VAALS (WI26 BULK) | D65: 988 | F65: 46093.625
A66: 5 | B66: TR25ED0144 | C66: HOODIE KURA V02 (WI26 BULK) | D66: 897 | F66: 46093.625
A67: 6 | B67: TR25ED0143 | C67: JACKET OBY V02 (WI26 BULK) | D67: 1142 | F67: 46093.625
A68: 7 | B68: TR25ED0135 | C68: SUDADERA BARLU (WI26 BULK) | D68: 874 | F68: 46093.625
A69: 8 | B69: TR25ED0136 | C69: SUDADERA BEDUK (WI26 BULK) | D69: 516 | F69: 46093.625
A70: 9 | B70: TR25ED0138 | C70: SUDADERA LOGIN V02 (WI26 BULK) | D70: 2664 | F70: 46093.625
A71: 10 | B71: TR25ED0140 | C71: SUDADERA POPPI V02 (WI26 BULK) | D71: 1727 | F71: 46093.625
A73: No. | B73: HS No | C73: Hs Name | D73: Unit Price | E73: Q'ty | F73: Unit | G73: Amount | H73: Country | I73: Weight
A74: 1 | B74: 6117.80-9000 | C74: ELASTIC BIAS TAPE | D74: 0.01 | E74: 223 | F74: YD | G74: 2.23 | H74: Korea | I74: 1.92 | J74: kg | K74: ELASTIC BIAS TAPE
A75: 2 | B75: 6117.80-9000 | C75: ELASTIC BIAS TAPE | D75: 0.01 | E75: 29045 | F75: YD | G75: 290.45 | H75: Korea | I75: 250.46 | J75: kg | K75: ELASTIC BIAS TAPE
A76: 3 | B76: 5806.20-0000 | C76: ELASTIC BIAS TAPE | D76: 0.01 | E76: 630 | F76: YD | G76: 6.3 | H76: Korea | I76: 5.43 | J76: kg | K76: ELASTIC BAND
B77: GRAND TOTAL : | E77: ==SUM(E74:E76) | G77: ==SUM(G74:G76)
A79: PROFORMA INVOICE FOR EO26-0003MY | B79: PROFORMA INVOICE FOR EO25-0248MY | C79: PROFORMA INVOICE FOR EO25-0248MY | D79: PROFORMA INVOICE FOR EO25-0248MY | E79: PROFORMA INVOICE FOR EO25-0248MY | F79: PROFORMA INVOICE FOR EO25-0248MY | G79: PROFORMA INVOICE FOR EO25-0248MY
A81: No. | B81: ORDER No. | C81: STYLE | D81: QUANTITY | E81: UNIT | F81: DELIVERY
A82: 1 | B82: MY26ED0005 | C82: CQ-HOK809 PLAIN SOFTSHELL JTK (이승연) | D82: 9209 | F82: 46093.625
A84: No. | B84: HS No | C84: Hs Name | D84: Unit Price | E84: Q'ty | F84: Unit | G84: Amount | H84: Country | I84: Weight
A85: 1 | B85: 5607.50-0000 | C85: ELASTIC NYLON STRING | D85: 0.06 | E85: 20028 | F85: YD | G85: 1201.68 | H85: Korea | I85: 172.7 | J85: kg | K85: STRING
A86: 2 | B86: 8308.10-2000 | C86: EYELET(N) | D86: 0.02 | E86: 55476 | F86: SET | G86: 1109.52 | H86: Korea | I86: 478.38 | J86: kg | K86: METAL EYELET
A87: 3 | B87: 3923.50-0000 | C87: O-RING BEAD STOPPER | D87: 0.03 | E87: 35244 | F87: PC | G87: 1057.32 | H87: Korea | I87: 303.91 | J87: kg | K87: PLASTIC STOPPER
A88: 4 | B88: 3923.50-0000 | C88: STOPPER WITH TAPE HOLE | D88: 0.04 | E88: 35094 | F88: PC | G88: 1403.76 | H88: Korea | I88: 302.62 | J88: kg | K88: PLASTIC STOPPER
B89: GRAND TOTAL : | E89: ==SUM(E85:E88) | G89: ==SUM(G85:G88)
A91: PROFORMA INVOICE FOR EO26-0004MY | B91: PROFORMA INVOICE FOR EO25-0248MY | C91: PROFORMA INVOICE FOR EO25-0248MY | D91: PROFORMA INVOICE FOR EO25-0248MY | E91: PROFORMA INVOICE FOR EO25-0248MY | F91: PROFORMA INVOICE FOR EO25-0248MY | G91: PROFORMA INVOICE FOR EO25-0248MY
A93: No. | B93: ORDER No. | C93: STYLE | D93: QUANTITY | E93: UNIT | F93: DELIVERY
A94: 1 | B94: MY26ED0006 | C94: CQ-HOK817 PLAIN SOFTSHELL JTK (이승연) | D94: 3107 | F94: 46093.625
A96: No. | B96: HS No | C96: Hs Name | D96: Unit Price | E96: Q'ty | F96: Unit | G96: Amount | H96: Country | I96: Weight
A97: 1 | B97: 5607.50-0000 | C97: ELASTIC NYLON STRING | D97: 0.06 | E97: 6455 | F97: YD | G97: 387.3 | H97: Korea | I97: 55.66 | J97: kg | K97: STRING
A98: 2 | B98: 5607.50-0000 | C98: ELASTIC NYLON STRING | D98: 0.06 | E98: 1323 | F98: M | G98: 79.38 | H98: Korea | I98: 11.41 | J98: kg | K98: STRING
A99: 3 | B99: 8308.10-2000 | C99: EYELET(N) | D99: 0.02 | E99: 18792 | F99: SET | G99: 375.84 | H99: Korea | I99: 162.05 | J99: kg | K99: METAL EYELET
A100: 4 | B100: 3923.50-0000 | C100: O-RING BEAD STOPPER | D100: 0.03 | E100: 11425 | F100: PC | G100: 342.75 | H100: Korea | I100: 98.52 | J100: kg | K100: PLASTIC STOPPER
A101: 5 | B101: 3923.50-0000 | C101: STOPPER WITH TAPE HOLE | D101: 0.04 | E101: 11528 | F101: PC | G101: 461.12 | H101: Korea | I101: 99.41 | J101: kg | K101: PLASTIC STOPPER
B102: GRAND TOTAL : | E102: ==SUM(E97:E101) | G102: ==SUM(G97:G101)
A104: PROFORMA INVOICE FOR EO26-0011LS | B104: PROFORMA INVOICE FOR EO25-0248MY | C104: PROFORMA INVOICE FOR EO25-0248MY | D104: PROFORMA INVOICE FOR EO25-0248MY | E104: PROFORMA INVOICE FOR EO25-0248MY | F104: PROFORMA INVOICE FOR EO25-0248MY | G104: PROFORMA INVOICE FOR EO25-0248MY
A106: No. | B106: ORDER No. | C106: STYLE | D106: QUANTITY | E106: UNIT | F106: DELIVERY
A107: 1 | B107: LS26EC0362 | C107: ZACP085 BOLT PNT M (W26 BULK) | D107: 1029 | F107: 46093.625
A108: 2 | B108: LS25EC0360 | C108: ZACP095 Sierra Rock Pant M (W26 BULK) | D108: 1849 | F108: 46093.625
A109: 3 | B109: LS25EC0361 | C109: ZACP096 Sierra Rock Pant W (W26 BULK) | D109: 1543 | F109: 46093.625
A111: No. | B111: HS No | C111: Hs Name | D111: Unit Price | E111: Q'ty | F111: Unit | G111: Amount | H111: Country | I111: Weight
A112: 1 | B112: 4821.10-0000 | C112: (MPHG025)(HTG LAYER CL-LP) LASPORTIVA LAYER HANGTAG CLIMBING LAYERS | D112: 0.04 | E112: 4461 | F112: PC | G112: 178.44 | H112: Korea | I112: 38.47 | J112: kg | K112: HANG TAG
A113: 2 | B113: 4821.10-0000 | C113: (MPHG030)(HTG LINE CL) LASPORTIVA LINE HANGTAG CLIMBING | D113: 0.07 | E113: 4461 | F113: PC | G113: 312.27 | H113: Korea | I113: 38.47 | J113: kg | K113: HANG TAG
A114: 3 | B114: 4821.10-0000 | C114: (MPHG138) Disclaimer leaflet | D114: 0.09 | E114: 4461 | F114: PC | G114: 401.49 | H114: Korea | I114: 38.47 | J114: kg | K114: HANG TAG
B115: GRAND TOTAL : | E115: ==SUM(E112:E114) | G115: ==SUM(G112:G114)
A117: PROFORMA INVOICE FOR EO26-0014GG | B117: PROFORMA INVOICE FOR EO25-0248MY | C117: PROFORMA INVOICE FOR EO25-0248MY | D117: PROFORMA INVOICE FOR EO25-0248MY | E117: PROFORMA INVOICE FOR EO25-0248MY | F117: PROFORMA INVOICE FOR EO25-0248MY | G117: PROFORMA INVOICE FOR EO25-0248MY
A119: No. | B119: ORDER No. | C119: STYLE | D119: QUANTITY | E119: UNIT | F119: DELIVERY
A120: 1 | B120: GG26ED0008 | C120: MSS 26FW M63001AJP90 (김동욱) | D120: 4203 | F120: 46093.625
A122: No. | B122: HS No | C122: Hs Name | D122: Unit Price | E122: Q'ty | F122: Unit | G122: Amount | H122: Country | I122: Weight
A123: 1 | B123: 3923.50-0000 | C123: BEAD STOPPER | D123: 0.01 | E123: 12724 | F123: PC | G123: 127.24 | H123: Korea | I123: 109.72 | J123: kg | K123: PLASTIC STOPPER
A124: 2 | B124: 4821.10-0000 | C124: MUSINSA GUARANTEE TAG | D124: 0.03 | E124: 4235 | F124: PC | G124: 127.05 | H124: Korea | I124: 36.52 | J124: kg | K124: HANG TAG
A125: 3 | B125: 4821.10-0000 | C125: MUSINSA HANG TAG | D125: 0.03 | E125: 4235 | F125: PC | G125: 127.05 | H125: Korea | I125: 36.52 | J125: kg | K125: HANG TAG
A126: 4 | B126: 4821.10-0000 | C126: SIZE STICKER ROUND | D126: 0.01 | E126: 4236 | F126: PC | G126: 42.36 | H126: Korea | I126: 36.53 | J126: kg | K126: STICKER
A127: 5 | B127: 3923.50-0000 | C127: STOPPER WITH TAB | D127: 0.04 | E127: 12724 | F127: PC | G127: 508.96 | H127: Korea | I127: 109.72 | J127: kg | K127: PLASTIC STOPPER
A128: 6 | B128: 3926.90-3000 | C128: TAG PIN | D128: 0.02 | E128: 4203 | F128: PC | G128: 84.06 | H128: Korea | I128: 36.24 | J128: kg | K128: TAG LOOP
A129: 7 | B129: 6117.80-9000 | C129: WOOL ELASTIC BIAS TAPE | D129: 0.17 | E129: 5584 | F129: M | G129: 949.28 | H129: Korea | I129: 48.15 | J129: kg | K129: ELASTIC BIAS TAPE
B130: GRAND TOTAL : | E130: ==SUM(E123:E129) | G130: ==SUM(G123:G129)
A132: PROFORMA INVOICE FOR EO26-0015GG | B132: PROFORMA INVOICE FOR EO25-0248MY | C132: PROFORMA INVOICE FOR EO25-0248MY | D132: PROFORMA INVOICE FOR EO25-0248MY | E132: PROFORMA INVOICE FOR EO25-0248MY | F132: PROFORMA INVOICE FOR EO25-0248MY | G132: PROFORMA INVOICE FOR EO25-0248MY
A134: No. | B134: ORDER No. | C134: STYLE | D134: QUANTITY | E134: UNIT | F134: DELIVERY
A135: 1 | B135: GG26ED0009 | C135: MSS 26FW M63001AJP91 (이동욱) | D135: 7356 | F135: 46093.625
A137: No. | B137: HS No | C137: Hs Name | D137: Unit Price | E137: Q'ty | F137: Unit | G137: Amount | H137: Country | I137: Weight
A138: 1 | B138: 6005.35.0000 | C138: DH-184 BRUSHED TRICOT | D138: 0.91 | E138: 475 | F138: YD | G138: 432.25 | H138: Korea | I138: 4.1 | J138: kg | K138: TS-0258(MICRO BRUSHED) | L138: 58/60" | M138: POLYESTER 100%
A139: 2 | B139: 5603.93-0000 | C139: WARM LITE WA-70 | D139: 3.35 | E139: 726 | F139: KG | G139: 2432.1 | H139: Korea | I139: 6.26 | J139: kg | K139: EXKIN PADDING(100G) | M139: POLYESTER 100%
A140: 3 | B140: 3923.50-0000 | C140: 1 HOLE STOPPER | D140: 0.04 | E140: 14793 | F140: PC | G140: 591.72 | H140: Korea | I140: 127.56 | J140: kg | K140: PLASTIC STOPPER
A141: 4 | B141: 3923.50-0000 | C141: 2 HOLE STOPPER | D141: 0.06 | E141: 14793 | F141: PC | G141: 887.58 | H141: Korea | I141: 127.56 | J141: kg | K141: PLASTIC STOPPER
...

Sheet PAC
A1: PACKING LIST
A2: 1) Shipper/ Exporter: | G2: 8) No & Date of Invoice
A3: Shin Textile Solutions Co., Ltd.
A4: 801,E&C Venture Dreamtower 2, 55, Digital-ro 33-gil, | G4: STE-S26-005 | K4: 46093.625
A5: Guro-gu, Seoul, Korea | G5: 9) Remarks:
A6: TEL :070-4659-3337 FAX :02-6330-2019
A7: 2) Consignee :
A8: SHINTS ETP GARMENT PLC TIN:0040614058
A9: BOLE LEMI INDUSTRY PARK, BOLE LEMI,
A10: BOLE SUB-CITY, WOREDA 11, ADDIS ABABA, ETHIOPIA
A11: TEL :+251 118 29 83 07 FAX :+251 92 058 0957
A12: XNK-Thy Ha <thyha@shintsbvt.com>
A13: 3) Notify party :
A14: THE SAME AS ABOVE
A16: 4) Port of loading: | D16: 5) Final Destination:
A18: INCHEON, KOREA | D18: ADDIS ABABA, ETHIOPIA
A19: 6) Carrier | D19: 7) Sailing on/ or About
A22: 10) Marks and Number of PKGS | D22: 11) Description of Goods | G22: 12) Quantity | I22: 13) Net | J22: 14) Gross | K22: 15) Measurement
I23: Weight | J23: Weight
G24: ( CPT HANOI, VIETNAM )
D25: TOTAL : | G25: ==VLOOKUP("TOTAL",P!A:I,7,0) | I25: =='BVT.INV'!I32 | J25: ==I25*1.1 | K25: ==J25/166
A27: SHINTS BVT
A28: (IN DIA)
D29: MATERIALS FOR GARMENT
A30: STYLE NO.:
A31: ITEM :
A32: Q'TY :
A33: C/T NO. : | D33: TOTAL
A51: TEL NO. : (02)6330-2000~14, (DIR. 6330-2012)
A52: FAX NO. : (02)6330-2019 | H52: 16).Signed by :

Sheet D.PAC
A2: DETAIL PACKING LIST FOR EO25-0278TR
A3: Supplier | B3: MATL CODE | C3: DESCRIPTION | D3: COLOR | E3: SPEC | F3: UNIT | G3: IN-Q'TY | H3: C/T Q'ty | I3: C/T No. | J3: Remark
A4: IMPORT-K(DAERIM LND) | B4: S25-139134 | C4: ELASTIC BIAS TAPE | D4: 19-2816TPG BLACKBERRY WINE (YKK#254) | E4: 10MM | F4: YD | G4: 22 | H4: 16 | I4: box-20260303 | J4: EO25-0278/EO26-0041 MIXED BOX | K4: 6117.80-9000 | L4: ELASTIC BIAS TAPE
A5: IMPORT-K(DAERIM LND) | B5: S25-139151 | C5: ELASTIC BIAS TAPE | D5: BLK | E5: 10 MM | F5: YD | G5: 33 | H5: 0 | I5: box-20260303 | J5: EO25-0278/EO26-0041 MIXED BOX | K5: 6117.80-9000 | L5: ELASTIC BIAS TAPE
A6: IMPORT-K(DAERIM LND) | B6: S25-134637 | C6: ELASTIC BIAS TAPE | D6: BLK | E6: 20MM | F6: YD | G6: 47 | K6: 5806.20-0000 | L6: ELASTIC BAND
A7: IMPORT-K(DAERIM LND) | B7: S25-139151 | C7: ELASTIC BIAS TAPE | D7: BLK | E7: 10 MM | F7: YD | G7: 55 | K7: 6117.80-9000 | L7: ELASTIC BIAS TAPE
A8: IMPORT-K(DAERIM LND) | B8: S25-139130 | C8: ELASTIC BIAS TAPE | D8: 16-4411TPG TOURMALINE (YKK#575) | E8: 10MM | F8: YD | G8: 55 | K8: 6117.80-9000 | L8: ELASTIC BIAS TAPE
A9: IMPORT-K(DAERIM LND) | B9: S25-139134 | C9: ELASTIC BIAS TAPE | D9: 19-2816TPG BLACKBERRY WINE (YKK#254) | E9: 10MM | F9: YD | G9: 63 | K9: 6117.80-9000 | L9: ELASTIC BIAS TAPE
A10: IMPORT-K(DAERIM LND) | B10: S25-139131 | C10: ELASTIC BIAS TAPE | D10: 16-1451TPG NASTURTIUM (YKK#138) | E10: 10MM | F10: YD | G10: 66 | K10: 6117.80-9000 | L10: ELASTIC BIAS TAPE
A11: IMPORT-K(DAERIM LND) | B11: S25-139126 | C11: ELASTIC BIAS TAPE | D11: 19-4112TPG STRATIFIED SEA (YKK#075) | E11: 10MM | F11: YD | G11: 77 | K11: 6117.80-9000 | L11: ELASTIC BIAS TAPE
A12: IMPORT-K(DAERIM LND) | B12: S25-139133 | C12: ELASTIC BIAS TAPE | D12: 11-4301TPG LILY WHITE (YKK#841) | E12: 10MM | F12: YD | G12: 77 | K12: 6117.80-9000 | L12: ELASTIC BIAS TAPE
A13: IMPORT-K(DAERIM LND) | B13: S25-139132 | C13: ELASTIC BIAS TAPE | D13: 19-0413TPG DEEP DEPTHS (YKK#237) | E13: 10MM | F13: YD | G13: 80 | K13: 6117.80-9000 | L13: ELASTIC BIAS TAPE
A14: IMPORT-K(DAERIM LND) | B14: S25-134637 | C14: ELASTIC BIAS TAPE | D14: BLK | E14: 20MM | F14: YD | G14: 109 | K14: 5806.20-0000 | L14: ELASTIC BAND
A15: IMPORT-K(DAERIM LND) | B15: S25-139135 | C15: ELASTIC BIAS TAPE | D15: 14-3710TPG ORCHID PETAL (YKK#068) | E15: 10MM | F15: YD | G15: 110 | K15: 6117.80-9000 | L15: ELASTIC BIAS TAPE
A16: IMPORT-K(DAERIM LND) | B16: S25-139135 | C16: ELASTIC BIAS TAPE | D16: 14-3710TPG ORCHID PETAL (YKK#068) | E16: 10MM | F16: YD | G16: 110 | K16: 6117.80-9000 | L16: ELASTIC BIAS TAPE
A17: IMPORT-K(DAERIM LND) | B17: S25-139126 | C17: ELASTIC BIAS TAPE | D17: 19-4112TPG STRATIFIED SEA (YKK#075) | E17: 10MM | F17: YD | G17: 130 | K17: 6117.80-9000 | L17: ELASTIC BIAS TAPE
... A50: IMPORT-K(DAERIM LND) | B50: S25-139129 | C50: ELASTIC BIAS TAPE | D50: URBAN CHIC(19-5004 TPX)(YKK#979) | E50: 10MM | F50: YD | G50: 3760 | K50: 6117.80-9000 | L50: ELASTIC BIAS TAPE
A51: TOTAL | C51: BALES | G51: ==SUM(G4:G50) | H51: ==SUM(H4:H50)
A53: DETAIL PACKING LIST FOR EO26-0003MY
A54: Supplier | B54: MATL CODE | C54: DESCRIPTION | D54: COLOR | E54: SPEC | F54: UNIT | G54: IN-Q'TY | H54: C/T Q'ty | I54: C/T No. | J54: Remark
A55: IMPORT-K(CMS GLOBAL) | B55: S25-75620 | C55: ELASTIC NYLON STRING | D55: HEATHER DARK GREY(=CHARCOAL) | E55: 3MM | F55: YD | G55: 2352 | H55: 14 | I55: box-20260310 | J55: EO26-0003/EO26-0004 MIXED BOX | K55: 5607.50-0000 | L55: STRING
A56: IMPORT-K(CMS GLOBAL) | B56: S25-75622 | C56: ELASTIC NYLON STRING | D56: SOIL GREEN(=ARMY GREEN) | E56: 3MM | F56: YD | G56: 2372 | H56: 0 | I56: box-20260310 | J56: EO26-0003/EO26-0004 MIXED BOX | K56: 5607.50-0000 | L56: STRING
A57: IMPORT-K(CMS GLOBAL) | B57: S25-75621 | C57: ELASTIC NYLON STRING | D57: OPERATOR NAVY | E57: 3MM | F57: YD | G57: 2576 | K57: 5607.50-0000 | L57: STRING
A58: IMPORT-K(CMS GLOBAL) | B58: S25-75619 | C58: ELASTIC NYLON STRING | D58: COYOTE | E58: 3MM | F58: YD | G58: 2903 | K58: 5607.50-0000 | L58: STRING
A59: IMPORT-K(CMS GLOBAL) | B59: S14-44093 | C59: ELASTIC NYLON STRING | D59: BLK | E59: 3MM | F59: YD | G59: 9825 | K59: 5607.50-0000 | L59: STRING
A60: IMPORT-K(CMS GLOBAL) | B60: S24-71022 | C60: EYELET(N) | D60: MATTE BLACK NICKEL | E60: #3 (INNER HOLE 6MM)(+1WASHER) | F60: SET | G60: 55476 | K60: 8308.10-2000 | L60: METAL EYELET
A61: IMPORT-K(CMS GLOBAL) | B61: S25-75661 | C61: O-RING BEAD STOPPER | D61: SOIL GREEN(=ARMY GREEN) | E61: CMS-298 | F61: PC | G61: 4830 | K61: 3923.50-0000 | L61: PLASTIC STOPPER
A62: IMPORT-K(CMS GLOBAL) | B62: S25-75660 | C62: O-RING BEAD STOPPER | D62: OPERATOR NAVY | E62: CMS-298 | F62: PC | G62: 4851 | K62: 3923.50-0000 | L62: PLASTIC STOPPER
A63: IMPORT-K(CMS GLOBAL) | B63: S25-75658 | C63: O-RING BEAD STOPPER | D63: COYOTE | E63: CMS-298 | F63: PC | G63: 5302 | K63: 3923.50-0000 | L63: PLASTIC STOPPER
A64: IMPORT-K(CMS GLOBAL) | B64: S25-75659 | C64: O-RING BEAD STOPPER | D64: HEATHER DARK GREY(=CHARCOAL) | E64: CMS-298 | F64: PC | G64: 5650 | K64: 3923.50-0000 | L64: PLASTIC STOPPER
A65: IMPORT-K(CMS GLOBAL) | B65: S25-75657 | C65: O-RING BEAD STOPPER | D65: BLACK | E65: CMS-298 | F65: PC | G65: 14611 | K65: 3923.50-0000 | L65: PLASTIC STOPPER
A66: IMPORT-K(CMS GLOBAL) | B66: S25-81502 | C66: STOPPER WITH TAPE HOLE | D66: OPERATOR NAVY | E66: CMS-375 | F66: PC | G66: 4741 | K66: 3923.50-0000 | L66: PLASTIC STOPPER
A67: IMPORT-K(CMS GLOBAL) | B67: S25-81425 | C67: STOPPER WITH TAPE HOLE | D67: SOIL GREEN(=ARMY GREEN) | E67: CMS-375 | F67: PC | G67: 4830 | K67: 3923.50-0000 | L67: PLASTIC STOPPER
A68: IMPORT-K(CMS GLOBAL) | B68: S25-75630 | C68: STOPPER WITH TAPE HOLE | D68: COYOTE | E68: CMS-375 | F68: PC | G68: 5432 | K68: 3923.50-0000 | L68: PLASTIC STOPPER
... A70: IMPORT-K(CMS GLOBAL) | B70: S25-81422 | C70: STOPPER WITH TAPE HOLE | D70: BLACK | E70: CMS-375 | F70: PC | G70: 14431 | K70: 3923.50-0000 | L70: PLASTIC STOPPER
A71: TOTAL | C71: BALES | G71: ==SUM(G55:G70) | H71: ==SUM(H55:H70)
A73: DETAIL PACKING LIST FOR EO26-0004MY
A74: Supplier | B74: MATL CODE | C74: DESCRIPTION | D74: COLOR | E74: SPEC | F74: UNIT | G74: IN-Q'TY | H74: C/T Q'ty | I74: C/T No. | J74: Remark
A75: IMPORT-K(CMS GLOBAL) | B75: S23-49334 | C75: ELASTIC NYLON STRING | D75: BLACK | E75: 3MM | F75: M | G75: 1323 | H75: 0 | I75: box-20260310 | J75: EO26-0003/EO26-0004 MIXED BOX | K75: 5607.50-0000 | L75: STRING
A76: IMPORT-K(CMS GLOBAL) | B76: S25-81817 | C76: ELASTIC NYLON STRING | D76: UTILITY CAMO | E76: 3MM | F76: YD | G76: 1855 | K76: 5607.50-0000 | L76: STRING
A77: IMPORT-K(CMS GLOBAL) | B77: S25-81818 | C77: ELASTIC NYLON STRING | D77: WINTER HUNTING CAMO | E77: 3MM | F77: YD | G77: 1953 | K77: 5607.50-0000 | L77: STRING
A78: IMPORT-K(CMS GLOBAL) | B78: S25-81820 | C78: ELASTIC NYLON STRING | D78: HUNTING CAMO | E78: 3MM | F78: YD | G78: 2647 | K78: 5607.50-0000 | L78: STRING
A79: IMPORT-K(CMS GLOBAL) | B79: S24-71022 | C79: EYELET(N) | D79: MATTE BLACK NICKEL | E79: #3 (INNER HOLE 6MM)(+1WASHER) | F79: SET | G79: 18792 | K79: 8308.10-2000 | L79: METAL EYELET
A80: IMPORT-K(CMS GLOBAL) | B80: S25-75657 | C80: O-RING BEAD STOPPER | D80: BLACK | E80: CMS-298 | F80: PC | G80: 2025 | K80: 3923.50-0000 | L80: PLASTIC STOPPER
A81: IMPORT-K(CMS GLOBAL) | B81: S25-81813 | C81: O-RING BEAD STOPPER | D81: WINTER HUNTING CAMO | E81: CMS-298 | F81: PC | G81: 2468 | K81: 3923.50-0000 | L81: PLASTIC STOPPER
A82: IMPORT-K(CMS GLOBAL) | B82: S25-81812 | C82: O-RING BEAD STOPPER | D82: UTILITY CAMO | E82: CMS-298 | F82: PC | G82: 2925 | K82: 3923.50-0000 | L82: PLASTIC STOPPER
A83: IMPORT-K(CMS GLOBAL) | B83: S25-81815 | C83: O-RING BEAD STOPPER | D83: HUNTING CAMO | E83: CMS-298 | F83: PC | G83: 4007 | K83: 3923.50-0000 | L83: PLASTIC STOPPER
A84: IMPORT-K(CMS GLOBAL) | B84: S25-81422 | C84: STOPPER WITH TAPE HOLE | D84: BLACK | E84: CMS-375 | F84: PC | G84: 2025 | K84: 3923.50-0000 | L84: PLASTIC STOPPER
A85: IMPORT-K(CMS GLOBAL) | B85: S25-81803 | C85: STOPPER WITH TAPE HOLE | D85: WINTER HUNTING CAMO | E85: CMS-375 | F85: PC | G85: 2533 | K85: 3923.50-0000 | L85: PLASTIC STOPPER
A86: IMPORT-K(CMS GLOBAL) | B86: S25-81802 | C86: STOPPER WITH TAPE HOLE | D86: UTILITY CAMO | E86: CMS-375 | F86: PC | G86: 2843 | K86: 3923.50-0000 | L86: PLASTIC STOPPER
A87: IMPORT-K(CMS GLOBAL) | B87: S25-81805 | C87: STOPPER WITH TAPE HOLE | D87: HUNTING CAMO | E87: CMS-375 | F87: PC | G87: 4127 | K87: 3923.50-0000 | L87: PLASTIC STOPPER
A88: TOTAL | C88: BALES | G88: ==SUM(G75:G87) | H88: ==SUM(H75:H87)
A90: DETAIL PACKING LIST FOR EO26-0011LS
A91: Supplier | B91: MATL CODE | C91: DESCRIPTION | D91: COLOR | E91: SPEC | F91: UNIT | G91: IN-Q'TY | H91: C/T Q'ty | I91: C/T No. | J91: Remark
A92: IMPORT-K(NEXON PRINTING) | B92: S20-50436 | C92: (MPHG025)(HTG LAYER CL-LP) LASPORTIVA LAYER HANGTAG CLIMBING LAYERS | D92: - | E92: 4x8CM,CLIMBING LONG PANTS | F92: PC | G92: 1038 | H92: 2 | I92: box-20260304 | K92: 4821.10-0000 | L92: HANG TAG
A93: IMPORT-K(NEXON PRINTING) | B93: S20-50436 | C93: (MPHG025)(HTG LAYER CL-LP) LASPORTIVA LAYER HANGTAG CLIMBING LAYERS | D93: - | E93: 4x8CM,CLIMBING LONG PANTS | F93: PC | G93: 1557 | H93: 0 | I93: box-20260304 | K93: 4821.10-0000 | L93: HANG TAG
A94: IMPORT-K(NEXON PRINTING) | B94: S20-50436 | C94: (MPHG025)(HTG LAYER CL-LP) LASPORTIVA LAYER HANGTAG CLIMBING LAYERS | D94: - | E94: 4x8CM,CLIMBING LONG PANTS | F94: PC | G94: 1866 | K94: 4821.10-0000 | L94: HANG TAG
A95: IMPORT-K(NEXON PRINTING) | B95: S20-50434 | C95: (MPHG030)(HTG LINE CL) LASPORTIVA LINE HANGTAG CLIMBING | D95: - | E95: 4x8CM,LINE HANGTAG CLIMBING + CLIMBING TRAINING + CLIMBING PRO | F95: PC | G95: 1038 | K95: 4821.10-0000 | L95: HANG TAG
A96: IMPORT-K(NEXON PRINTING) | B96: S20-50434 | C96: (MPHG030)(HTG LINE CL) LASPORTIVA LINE HANGTAG CLIMBING | D96: - | E96: 4x8CM,LINE HANGTAG CLIMBING + CLIMBING TRAINING + CLIMBING PRO | F96: PC | G96: 1557 | K96: 4821.10-0000 | L96: HANG TAG
A97: IMPORT-K(NEXON PRINTING) | B97: S20-50434 | C97: (MPHG030)(HTG LINE CL) LASPORTIVA LINE HANGTAG CLIMBING | D97: - | E97: 4x8CM,LINE HANGTAG CLIMBING + CLIMBING TRAINING + CLIMBING PRO | F97: PC | G97: 1866 | K97: 4821.10-0000 | L97: HANG TAG
A98: IMPORT-K(NEXON PRINTING) | B98: S25-134034 | C98: (MPHG138) Disclaimer leaflet | D98: - | E98: ? | F98: PC | G98: 1038 | K98: 4821.10-0000 | L98: HANG TAG
A99: IMPORT-K(NEXON PRINTING) | B99: S25-134034 | C99: (MPHG138) Disclaimer leaflet | D99: - | E99: ? | F99: PC | G99: 1557 | K99: 4821.10-0000 | L99: HANG TAG
A100: IMPORT-K(NEXON PRINTING) | B100: S25-134034 | C100: (MPHG138) Disclaimer leaflet | D100: - | E100: ? | F100: PC | G100: 1866 | K100: 4821.10-0000 | L100: HANG TAG
A101: TOTAL | C101: BALES | G101: ==SUM(G92:G100) | H101: ==SUM(H92:H100)
A103: DETAIL PACKING LIST FOR EO26-0014GG
A104: Supplier | B104: MATL CODE | C104: DESCRIPTION | D104: COLOR | E104: SPEC | F104: UNIT | G104: IN-Q'TY | H104: C/T Q'ty | I104: C/T No. | J104: Remark
A105: (TL)태광엘앤티 | B105: S25-89272 | C105: MUSINSA GUARANTEE TAG | D105: BLACK | E105: MSTG-02-B 품질보증택 (NEW from 26SS) | F105: PC | G105: 4235 | H105: 20 | I105: box-20260303 | J105: EO26-0014/EO26-0015/EO26-0016/EO26-0017/EO26-0018/EO26-0019/EO26-0021/EO26-0022/EO26-0020/EO26-0053 MIXED BOX | K105: 4821.10-0000 | L105: HANG TAG
A106: (TL)태광엘앤티 | B106: S23-01957 | C106: MUSINSA HANG TAG | D106: BLACK | E106: MSTG-02-A | F106: PC | G106: 4235 | H106: 0 | I106: box-20260303 | J106: EO26-0014/EO26-0015/EO26-0016/EO26-0017/EO26-0018/EO26-0019/EO26-0021/EO26-0022/EO26-0020/EO26-0053 MIXED BOX | K106: 4821.10-0000 | L106: HANG TAG
A107: (TL)태광엘앤티 | B107: S23-02138 | C107: SIZE STICKER ROUND | D107: BLACK/WHITE | E107: 25MM / SIZE 2XL | F107: PC | G107: 635 | K107: 4821.10-0000 | L107: STICKER
A108: (TL)태광엘앤티 | B108: S23-02134 | C108: SIZE STICKER ROUND | D108: BLACK/WHITE | E108: 25MM / SIZE S | F108: PC | G108: 647 | K108: 4821.10-0000 | L108: STICKER
A109: (TL)태광엘앤티 | B109: S23-02137 | C109: SIZE STICKER ROUND | D109: BLACK/WHITE | E109: 25MM / SIZE XL | F109: PC | G109: 921 | K109: 4821.10-0000 | L109: STICKER
A110: (TL)태광엘앤티 | B110: S23-02135 | C110: SIZE STICKER ROUND | D110: BLACK/WHITE | E110: 25MM / SIZE M | F110: PC | G110: 995 | K110: 4821.10-0000 | L110: STICKER
A111: (TL)태광엘앤티 | B111: S23-02136 | C111: SIZE STICKER ROUND | D111: BLACK/WHITE | E111: 25MM / SIZE L | F111: PC | G111: 1038 | K111: 4821.10-0000 | L111: STICKER
A112: (TL)태광엘앤티 | B112: S23-01961 | C112: TAG PIN | D112: BLACK | E112: 택고리무지락검정 | F112: PC | G112: 4203 | K112: 3926.90-3000 | L112: TAG LOOP
A113: IMPORT-K(CMS GLOBAL) | B113: S26-03662 | C113: BEAD STOPPER | D113: DGR | E113: MSS-BE-01(=CMS-360 눈물비드) | F113: PC | G113: 3185 | H113: 25 | I113: box-20260310 | J113: EO26-0022/EO26-0021/EO26-0020/EO26-0019/EO26-0018/EO26-0017/EO26-0016/EO26-0015/EO26-0014/EO26-0053 MIXED BOX | K113: 3923.50-0000 | L113: PLASTIC STOPPER
A114: IMPORT-K(CMS GLOBAL) | B114: S26-03663 | C114: BEAD STOPPER | D114: DUE | E114: MSS-BE-01(=CMS-360 눈물비드) | F114: PC | G114: 4453 | H114: 0 | I114: box-20260310 | J114: EO26-0022/EO26-0021/EO26-0020/EO26-0019/EO26-0018/EO26-0017/EO26-0016/EO26-0015/EO26-0014/EO26-0053 MIXED BOX | K114: 3923.50-0000 | L114: PLASTIC STOPPER
A115: IMPORT-K(CMS GLOBAL) | B115: S23-53153 | C115: BEAD STOPPER | D115: LGR | E115: MSS-BE-01(=CMS-360 눈물비드) | F115: PC | G115: 5086 | K115: 3923.50-0000 | L115: PLASTIC STOPPER
A116: IMPORT-K(CMS GLOBAL) | B116: S26-03659 | C116: STOPPER WITH TAB | D116: DGR | E116: MSS-ST-01 (맥주컵 스토퍼) | F116: PC | G116: 3185 | K116: 3923.50-0000 | L116: PLASTIC STOPPER
A117: IMPORT-K(CMS GLOBAL) | B117: S26-03660 | C117: STOPPER WITH TAB | D117: DUE | E117: MSS-ST-01 (맥주컵 스토퍼) | F117: PC | G117: 4453 | K117: 3923.50-0000 | L117: PLASTIC STOPPER
A118: IMPORT-K(CMS GLOBAL) | B118: S26-03661 | C118: STOPPER WITH TAB | D118: LGR | E118: MSS-ST-01 (맥주컵 스토퍼) | F118: PC | G118: 5086 | K118: 3923.50-0000 | L118: PLASTIC STOPPER
A119: IMPORT-K(CMS GLOBAL) | B119: S26-03681 | C119: WOOL ELASTIC BIAS TAPE | D119: DGR | E119: 20MM 울접밴드 | F119: M | G119: 1668 | K119: 6117.80-9000 | L119: ELASTIC BIAS TAPE
A120: IMPORT-K(CMS GLOBAL) | B120: S25-03104 | C120: WOOL ELASTIC BIAS TAPE | D120: LGR | E120: 20MM 울접밴드 | F120: M | G120: 3916 | K120: 6117.80-9000 | L120: ELASTIC BIAS TAPE
A121: TOTAL | C121: BALES | G121: ==SUM(G105:G120) | H121: ==SUM(H105:H120)
A123: DETAIL PACKING LIST FOR EO26-0015GG
A124: Supplier | B124: MATL CODE | C124: DESCRIPTION | D124: COLOR | E124: SPEC | F124: UNIT | G124: IN-Q'TY | H124: C/T Q'ty | I124: C/T No. | J124: Remark
A125: (TL)태광엘앤티 | B125: S25-89272 | C125: MUSINSA GUARANTEE TAG | D125: BLACK | E125: MSTG-02-B 품질보증택 (NEW from 26SS) | F125: PC | G125: 7397 | H125: 0 | I125: box-20260303 | J125: EO26-0014/EO26-0015/EO26-0016/EO26-0017/EO26-0018/EO26-0019/EO26-0021/EO26-0022/EO26-0020/EO26-0053 MIXED BOX | K125: 4821.10-0000 | L125: HANG TAG
A126: (TL)태광엘앤티 | B126: S23-01957 | C126: MUSINSA HANG TAG | D126: BLACK | E126: MSTG-02-A | F126: PC | G126: 7397 | K126: 4821.10-0000 | L126: HANG TAG
A127: (TL)태광엘앤티 | B127: S25-137446 | C127: MUSINSA MAIN LABEL | D127: BLACK | E127: XS, MSS-LB-02 (NEW from 26SS) 끼워박는 라벨 | F127: PC | G127: 214 | K127: 5807.10-1000 | L127: WOVEN LABEL
A128: (TL)태광엘앤티 | B128: S25-89271 | C128: MUSINSA MAIN LABEL | D128: BLACK | E128: 2XL, MSS-LB-02 (NEW from 26SS) 끼워박는 라벨 | F128: PC | G128: 1067 | K128: 5807.10-1000 | L128: WOVEN LABEL
A129: (TL)태광엘앤티 | B129: S25-89267 | C129: MUSINSA MAIN LABEL | D129: BLACK | E129: S, MSS-LB-02 (NEW from 26SS) 끼워박는 라벨 | F129: PC | G129: 1100 | K129: 5807.10-1000 | L129: WOVEN LABEL
A130: (TL)태광엘앤티 | B130: S25-89270 | C130: MUSINSA MAIN LABEL | D130: BLACK | E130: XL, MSS-LB-02 (NEW from 26SS) 끼워박는 라벨 | F130: PC | G130: 1505 | K130: 5807.10-1000 | L130: WOVEN LABEL
A131: (TL)태광엘앤티 | B131: S25-89268 | C131: MUSINSA MAIN LABEL | D131: BLACK | E131: M, MSS-LB-02 (NEW from 26SS) 끼워박는 라벨 | F131: PC | G131: 1756 | K131: 5807.10-1000 | L131: WOVEN LABEL
A132: (TL)태광엘앤티 | B132: S25-89269 | C132: MUSINSA MAIN LABEL | D132: BLACK | E132: L, MSS-LB-02 (NEW from 26SS) 끼워박는 라벨 | F132: PC | G132: 1758 | K132: 5807.10-1000 | L132: WOVEN LABEL
A133: (TL)태광엘앤티 | B133: S23-09202 | C133: SIZE STICKER ROUND | D133: BLACK/WHITE | E133: 25MM / SIZE XS | F133: PC | G133: 214 | K133: 4821.10-0000 | L133: STICKER
A134: (TL)태광엘앤티 | B134: S23-02138 | C134: SIZE STICKER ROUND | D134: BLACK/WHITE | E134: 25MM / SIZE 2XL | F134: PC | G134: 1067 | K134: 4821.10-0000 | L134: STICKER
A135: (TL)태광엘앤티 | B135: S23-02134 | C135: SIZE STICKER ROUND | D135: BLACK/WHITE | E135: 25MM / SIZE S | F135: PC | G135: 1100 | K135: 4821.10-0000 | L135: STICKER
A136: (TL)태광엘앤티 | B136: S23-02137 | C136: SIZE STICKER ROUND | D136: BLACK/WHITE | E136: 25MM / SIZE XL | F136: PC | G136: 1505 | K136: 4821.10-0000 | L136: STICKER
A137: (TL)태광엘앤티 | B137: S23-02135 | C137: SIZE STICKER ROUND | D137: BLACK/WHITE | E137: 25MM / SIZE M | F137: PC | G137: 1756 | K137: 4821.10-0000 | L137: STICKER
... A139: (TL)태광엘앤티 | B139: S23-01961 | C139: TAG PIN | D139: BLACK | E139: 택고리무지락검정 | F139: PC | G139: 7356 | K139: 3926.90-3000 | L139: TAG LOOP
A140: IMPORT-K(CMS GLOBAL) | B140: S23-62107 | C140: 1 HOLE STOPPER | D140: BLACK | E140: MSS-ST-07 | F140: PC | G140: 14793 | H140: 0 | I140: box-20260310 | J140: EO26-0022/EO26-0021/EO26-0020/EO26-0019/EO26-0018/EO26-0017/EO26-0016/EO26-0015/EO26-0014/EO26-0053 MIXED BOX | K140: 3923.50-0000 | L140: PLASTIC STOPPER
...

Sheet SHINTS
A1: COMMERCIAL INVOICE
A2: 1) Shipper/ Exporter : | G2: 8) No & Date of Invoice
A3: Shin Textile Solutions Co., Ltd.
A4: 801,E&C Venture Dreamtower 2, 55, Digital-ro 33-gil, | G4: STE-S26-005 | K4: 46093.625
A5: Guro-gu, Seoul, Korea | G5: 9) No & Date L/C
A6: TEL :070-4659-3337 FAX :02-6330-2019
A7: 2) Consignee :
A8: SHINTS ETP GARMENT PLC TIN:0040614058 | G8: 10) L/C issuing bank
A9: BOLE LEMI INDUSTRY PARK, BOLE LEMI,
A10: BOLE SUB-CITY, WOREDA 11, ADDIS ABABA, ETHIOPIA
A11: TEL :+251 118 29 83 07 FAX :+251 92 058 0957 | G11: 11) Remarks:
I13: FREIGHT CHARGE : | J13: ==1500/42959.94*J29
I14: INSURANCE CHARGE : | J14: ==J29*1.1*0.026%
I15: 제조자 미상
A16: Port of loading : | D16: 5) Final Destination: | H16: C/T : | I16: 609 | J16: CT
H17: NET : | I17: 6028.3 | J17: KGS
D18: ADDIS ABABA, ETHIOPIA | H18: GRS : | I18: 6631.13 | J18: KGS
A19: Carrier | D19: 7) Sailing on/ or About
A22: 12) Marks and Number of PKGS | D22: 13) Description of Goods | G22: 14) Quantity/Uint | I22: 15) Unit/price | J22: 16) Amount
H25: * CIF : ADDIS ABABA
D29: TOTAL | J29: ='STS.INVOICE'!G32
A42: TEL NO. : 070-4006-3700~14, (DIR. 070-4006-3727)
A43: FAX NO. : (02)6330-2019 | H43: 17).Signed by :
